InputSize,AvgTime
30x30,0.0079862599959597
50x50,0.029925160016864537
80x80,0.1232715199701488
