InputSize,AvgTime
1000,0.0003524600178934634
5000,0.0011480099987238646
10000,0.0019455499714240432
20000,0.004276440001558512
