InputSize,AvgTime
1000,0.004822430002968758
5000,0.02026414000429213
10000,0.03925067998934537
20000,0.08113123998045921
